"","Kruskal_pvalue","adjusted_pvalue"
"1",0.000341152411648615,0.000341152411648615
